id;nom;prenom;tel;adresse;email
1;reciprocal payment;Kuwait;Belize Dollar compressing Handcrafted;Rhode Island Administrator compressing;Miguel.Hegmann39@gmail.com
2;XSS;engage world-class Integration;interfaces;Program hard drive Gorgeous;Telly_Shields48@yahoo.com
3;Auto Loan Account;global Springs Checking Account;superstructure parsing Ergonomic;Maine uniform index;Lauren.Kutch22@yahoo.com
4;Cotton;Handcrafted Metal Bacon Savings Account Mouse;Saint Kitts and Nevis Mill;Licensed;Adriana.Brakus4@yahoo.com
5;transitional Idaho Villages;parsing context-sensitive approach;hub Gibraltar regional;Chair Via;Tina24@yahoo.com
6;payment;Borders;Forward overriding Product;Avon global;Abraham.Durgan94@gmail.com
7;Fantastic;Ball Gorgeous Wooden Pants;distributed sexy Gorgeous;National Nicaragua Cambridgeshire;Buster_Kessler34@gmail.com
8;SCSI Wyoming Licensed;Strategist Sleek Rubber Computer;Branding Keyboard;Ergonomic Steel Fish Latvian Lats;Terence.Kuhic@hotmail.com
9;matrix Licensed Fresh Pizza bricks-and-clicks;magnetic systems;expedite Central cohesive;efficient reinvent generating;Ignatius82@yahoo.com
10;Interactions;index;action-items Mouse;calculate red;Sherman.Schmeler99@hotmail.com
