id;conseillerid;nom;prenom;tel;email;nomutilisateur;motdepasse
1;47350;Computers hacking cross-platform;Shore Malawi;Fish;Jammie.Mosciski38@yahoo.com;Crescent;interactive Awesome
2;5928;Cambridgeshire;deposit Keyboard;magnetic;Blair.Heaney@gmail.com;Massachusetts;Cheese withdrawal
3;79149;Minnesota;killer relationships Aruban Guilder;bleeding-edge Program Principal;Mathew_Ratke9@gmail.com;hub indigo Auto Loan Account;parsing Rustic Granite Soap synthesize
4;87967;invoice Face to face dynamic;bypassing Harbors;transmitting Grocery success;Alphonso_Mann@hotmail.com;installation;Coordinator Universal Points
5;17719;Future Granite Home;orchestration Investment Account Solutions;Incredible Cotton Fish Tala;Rhea.Fadel53@hotmail.com;port;visionary open-source
6;1206;Ramp;cross-platform Forge HDD;Designer Music;Alexys.Smith14@hotmail.com;Toys;bypass reintermediate intuitive
7;16403;ability Global Plastic;bluetooth hybrid Personal Loan Account;Tools;Murphy57@gmail.com;payment Direct Avon;scalable migration bypassing
8;16525;Designer system engine;Games red;XSS;Marvin.Mitchell@gmail.com;Auto Loan Account copying Intelligent;Jordanian Dinar Designer generate
9;34154;silver generate;Chief THX Concrete;Arkansas SQL synthesizing;Claudia_Macejkovic@yahoo.com;connecting Frozen;Granite overriding Cheese
10;63196;pink;methodology;virtual invoice PNG;Christa18@hotmail.com;Bedfordshire hacking;bypassing overriding
